{
  "project_info": {
    "project_number": "594734184729",
    "project_id": "darc-jobrecommendation",
    "storage_bucket": "darc-jobrecommendation.appspot.com"
  },
  "client": [
    {
      "client_info": {
        "mobilesdk_app_id": "1:594734184729:android:1fc87511af0a05dff46d88",
        "android_client_info": {
          "package_name": "com.id.darc"
        }
      },
      "oauth_client": [],
      "api_key": [
        {
          "current_key": "AIzaSyCV2782JjYfXp7D33yyOEE_7ezMmTPYd3w"
        }
      ],
      "services": {
        "appinvite_service": {
          "other_platform_oauth_client": []
        }
      }
    },
    {
      "client_info": {
        "mobilesdk_app_id": "1:594734184729:android:7850735cdf11caccf46d88",
        "android_client_info": {
          "package_name": "darc.jobrecommendation"
        }
      },
      "oauth_client": [],
      "api_key": [
        {
          "current_key": "AIzaSyCV2782JjYfXp7D33yyOEE_7ezMmTPYd3w"
        }
      ],
      "services": {
        "appinvite_service": {
          "other_platform_oauth_client": []
        }
      }
    }
  ],
  "configuration_version": "1"
}
